-- phpMyAdmin SQL Dump
-- version 5.1.1
-- https://www.phpmyadmin.net/
--
-- Host: 127.0.0.1
-- Generation Time: May 27, 2022 at 07:56 PM
-- Server version: 10.4.21-MariaDB
-- PHP Version: 8.0.10

SET SQL_MODE = "NO_AUTO_VALUE_ON_ZERO";
START TRANSACTION;
SET time_zone = "+00:00";


/*!40101 SET @OLD_CHARACTER_SET_CLIENT=@@CHARACTER_SET_CLIENT */;
/*!40101 SET @OLD_CHARACTER_SET_RESULTS=@@CHARACTER_SET_RESULTS */;
/*!40101 SET @OLD_COLLATION_CONNECTION=@@COLLATION_CONNECTION */;
/*!40101 SET NAMES utf8mb4 */;

--
-- Database: `carrentalp`
--

-- --------------------------------------------------------

--
-- Table structure for table `cars`
--

CREATE TABLE `cars` (
  `car_id` int(20) NOT NULL,
  `car_name` varchar(50) NOT NULL,
  `car_nameplate` varchar(50) NOT NULL,
  `car_img` varchar(50) DEFAULT 'NA',
  `ac_price` float NOT NULL,
  `non_ac_price` float NOT NULL,
  `ac_price_per_day` float NOT NULL,
  `non_ac_price_per_day` float NOT NULL,
  `car_availability` varchar(10) NOT NULL
) ENGINE=InnoDB DEFAULT CHARSET=utf8;

--
-- Dumping data for table `cars`
--

INSERT INTO `cars` (`car_id`, `car_name`, `car_nameplate`, `car_img`, `ac_price`, `non_ac_price`, `ac_price_per_day`, `non_ac_price_per_day`, `car_availability`) VALUES
(1, 'Audi A4', 'GA3KA6969', 'assets/img/cars/audi-a4.jpg', 36, 26, 5200, 2600, 'yes'),
(2, 'Hyundai Creta', 'BA2CH2020', 'assets/img/cars/creta.jpg', 22, 12, 2900, 1400, 'yes'),
(3, 'BMW 6-Series', 'BA10PA5555', 'assets/img/cars/bmw6.jpg', 39, 30, 6950, 5999, 'yes'),
(4, 'Mercedes-Benz E-Class', 'BA10CH6009', 'assets/img/cars/mcec.jpg', 45, 30, 7200, 5200, 'yes'),
(6, 'Ford EcoSport', 'GA4PA2587', 'assets/img/cars/ecosport.png', 21, 13, 3890, 2600, 'yes'),
(7, 'Honda Amaze', 'PJ16YX8820', 'assets/img/cars/amaze.png', 14, 12, 2800, 2400, 'no'),
(8, 'Land Rover Range Rover Sport', 'GA5KH9669', 'assets/img/cars/rangero.jpg', 36, 26, 6000, 4600, 'yes'),
(9, 'MG Hector', 'GA6PA6666', 'assets/img/cars/mghector.jpg', 20, 12, 2900, 1400, 'yes'),
(10, 'Honda CR-V', 'TN17MS1997', 'assets/img/cars/hondacr.jpg', 22, 15, 2850, 1400, 'yes'),
(11, 'Mahindra XUV 500', 'KA12EX1883', 'assets/img/cars/Mahindra XUV.jpg', 15, 13, 3000, 2600, 'yes'),
(12, 'Toyota Fortuner', 'GA08MX1997', 'assets/img/cars/Fortuner.png', 16, 14, 3200, 2800, 'yes'),
(13, 'Hyundai Veloster', 'BA20PA5685', 'assets/img/cars/hyundai0.png', 23, 15, 4500, 3500, 'yes'),
(14, 'Jaguar XF', 'GA8KH8866', 'assets/img/cars/jaguarxf.jpg', 39, 29, 6100, 4380, 'yes');

-- --------------------------------------------------------

--
-- Table structure for table `clientcars`
--

CREATE TABLE `clientcars` (
  `car_id` int(20) NOT NULL,
  `client_username` varchar(50) NOT NULL
) ENGINE=InnoDB DEFAULT CHARSET=utf8;

--
-- Dumping data for table `clientcars`
--

INSERT INTO `clientcars` (`car_id`, `client_username`) VALUES
(1, 'anuj'),
(3, 'anuj'),
(10, 'anuj'),
(8, 'karan'),
(9, 'karan'),
(14, 'karan'),
(4, 'raj p'),
(7, 'raj p'),
(11, 'raj p'),
(13, 'raj p'),
(2, 'suman'),
(6, 'suman'),
(12, 'suman');

-- --------------------------------------------------------

--
-- Table structure for table `clients`
--

CREATE TABLE `clients` (
  `client_username` varchar(50) NOT NULL,
  `client_name` varchar(50) NOT NULL,
  `client_phone` varchar(15) NOT NULL,
  `client_email` varchar(25) NOT NULL,
  `client_address` varchar(50) CHARACTER SET utf8 COLLATE utf8_estonian_ci NOT NULL,
  `client_password` varchar(20) NOT NULL
) ENGINE=InnoDB DEFAULT CHARSET=utf8;

--
-- Dumping data for table `clients`
--

INSERT INTO `clients` (`client_username`, `client_name`, `client_phone`, `client_email`, `client_address`, `client_password`) VALUES
('anuj', 'Anuj', '+916307839320', 'sanuj1619@gmail.com', '149/29J /3J Bhola Ka Pura Salem Sarie, Prayagraj', 'anup1234'),
('karan', 'Karan Singh', '6754345678', 'karan34@gmail.com', 'Baliya', 'karan'),
('raj p', 'Raj pandey', '56787654', 'rajp@gmail.com', 'Lucknow', 'raj12345'),
('suman', 'Suman yadav', '9087985434', 'suman@gmail.com', 'Mathura', 'suman');

-- --------------------------------------------------------

--
-- Table structure for table `customers`
--

CREATE TABLE `customers` (
  `customer_username` varchar(50) NOT NULL,
  `customer_name` varchar(50) NOT NULL,
  `customer_phone` varchar(15) NOT NULL,
  `customer_email` varchar(25) NOT NULL,
  `customer_address` varchar(50) NOT NULL,
  `customer_password` varchar(20) NOT NULL
) ENGINE=InnoDB DEFAULT CHARSET=utf8;

--
-- Dumping data for table `customers`
--

INSERT INTO `customers` (`customer_username`, `customer_name`, `customer_phone`, `customer_email`, `customer_address`, `customer_password`) VALUES
('aman k', 'aman', '69741111110', 'theaman@gmail.com', 'naini', 'aman'),
('anup', 'Anup V', '6307839678', 'sanuj1619@gmail.com', 'naini', 'anup'),
('Arjun Singh', 'Arjun', '6258786969', 'arjun05@gmail.com', 'civil lines', 'arjun9876'),
('Payal Pandey', 'payal', '854456789', 'payalr@gmail.com', 'shantipuram ', 'payal1234'),
('Pooja Kumari', 'pooja', '7003898500', 'poojakum@gmail.com', 'chakiya prayagraj', 'password'),
('surya', 'Surya Mishra', '7865678984', 'surya34@gmail.com', 'sulem sarie', 'surya1234'),
('vicky k', 'vicky', '0785556580', 'vicky67@gmail.com', 'new village', '12345678');

-- --------------------------------------------------------

--
-- Table structure for table `driver`
--

CREATE TABLE `driver` (
  `driver_id` int(20) NOT NULL,
  `driver_name` varchar(50) NOT NULL,
  `dl_number` varchar(50) NOT NULL,
  `driver_phone` varchar(15) NOT NULL,
  `driver_address` varchar(50) NOT NULL,
  `driver_gender` varchar(10) NOT NULL,
  `client_username` varchar(50) NOT NULL,
  `driver_availability` varchar(10) NOT NULL
) ENGINE=InnoDB DEFAULT CHARSET=utf8;

--
-- Dumping data for table `driver`
--

INSERT INTO `driver` (`driver_id`, `driver_name`, `dl_number`, `driver_phone`, `driver_address`, `driver_gender`, `client_username`, `driver_availability`) VALUES
(1, 'Akash kumar', '27840218658 ', '9547863157', 'kalindaranpuram', 'Male', 'anuj', 'yes'),
(2, 'Aman k', '03191563155 ', '9147523684', 'jubli hills', 'Male', 'karan', 'yes'),
(3, 'Raju', '32346288078 ', '9147523682', 'nainital', 'Male', 'karan', 'yes'),
(4, 'Iqbaal', '04316015965 ', '9187563240', 'new town', 'Male', 'suman', 'yes'),
(5, 'Anjali', '68799466631 ', '7584960123', 'tagore town', 'Female', 'anuj', 'yes'),
(6, 'Bhanu ', '36740186040 ', '8421025476', 'junshi', 'Male', 'raj p', 'yes'),
(7, 'Naman Sharma', '44919316260 ', '7541023695', 'Pritam nagar', 'Male', 'anuj', 'yes'),
(8, 'Gaurav kumar', '94592817723', '5215557850', 'university', 'Male', 'raj p', 'yes'),
(9, 'aman kesarwani', '927252', '928271268', 'naini,allahabad', 'male', 'anuj', 'yes');

-- --------------------------------------------------------

--
-- Table structure for table `feedback`
--

CREATE TABLE `feedback` (
  `name` varchar(20) NOT NULL,
  `e_mail` varchar(30) NOT NULL,
  `message` varchar(150) NOT NULL
) ENGINE=InnoDB DEFAULT CHARSET=utf8;

--
-- Dumping data for table `feedback`
--

INSERT INTO `feedback` (`name`, `e_mail`, `message`) VALUES
('Nikhil', 'nikhil@gmail.com', 'Hope this works.');

-- --------------------------------------------------------

--
-- Table structure for table `rentedcars`
--

CREATE TABLE `rentedcars` (
  `id` int(100) NOT NULL,
  `customer_username` varchar(50) NOT NULL,
  `car_id` int(20) NOT NULL,
  `driver_id` int(20) NOT NULL,
  `booking_date` date NOT NULL,
  `rent_start_date` date NOT NULL,
  `rent_end_date` date NOT NULL,
  `car_return_date` date DEFAULT NULL,
  `fare` double NOT NULL,
  `charge_type` varchar(25) NOT NULL DEFAULT 'days',
  `distance` double DEFAULT NULL,
  `no_of_days` int(50) DEFAULT NULL,
  `total_amount` double DEFAULT NULL,
  `return_status` varchar(10) NOT NULL
) ENGINE=InnoDB DEFAULT CHARSET=utf8;

--
-- Dumping data for table `rentedcars`
--

INSERT INTO `rentedcars` (`id`, `customer_username`, `car_id`, `driver_id`, `booking_date`, `rent_start_date`, `rent_end_date`, `car_return_date`, `fare`, `charge_type`, `distance`, `no_of_days`, `total_amount`, `return_status`) VALUES
(574681246, 'aman k', 6, 6, '2021-07-13', '2021-06-01', '2021-06-28', '2021-07-18', 15, 'km', 69, 27, 5035, 'R'),
(574681247, 'surya', 3, 1, '2018-07-18', '2018-07-19', '2018-07-22', '2018-07-20', 13, 'km', 421, 3, 5473, 'R'),
(574681249, 'vicky k', 1, 2, '2018-07-23', '2018-07-24', '2018-07-25', '2018-07-23', 10, 'km', 500, 1, 5000, 'R'),
(574681250, 'Arjun Singh', 3, 2, '2018-07-23', '2018-07-23', '2018-07-24', '2018-07-23', 2600, 'days', NULL, 1, 2600, 'R'),
(574681251, 'vicky k', 10, 1, '2018-07-23', '2018-07-25', '2018-07-30', '2018-07-23', 10, 'km', 60, 2, 600, 'R'),
(574681252, 'anup', 11, 2, '2018-07-23', '2018-07-23', '2018-07-23', '2018-07-23', 13, 'km', 200, 0, 2600, 'R'),
(574681253, 'Payal Pandey', 6, 7, '2018-07-23', '2018-07-23', '2018-08-03', '2018-07-23', 2600, 'days', NULL, 11, 28600, 'R'),
(574681255, 'Pooja Kumari', 8, 5, '2018-07-23', '2018-07-23', '2018-08-08', '2018-07-23', 2400, 'days', NULL, 16, 38400, 'R'),
(574681257, 'vicky k', 7, 4, '2021-08-11', '2021-08-13', '2021-08-17', NULL, 14, 'km', NULL, NULL, NULL, 'NR'),
(574681258, 'Arjun Singh', 3, 1, '2021-03-24', '2021-03-24', '2021-03-25', '2021-03-24', 2600, 'days', NULL, 1, 2600, 'R'),
(574681259, 'Arjun Singh', 14, 8, '2021-03-24', '2021-03-24', '2021-03-26', '2021-03-24', 6100, 'days', NULL, 2, 12200, 'R'),
(574681262, 'surya', 11, 1, '2022-05-26', '2022-05-27', '2022-05-29', '2022-05-26', 0, '', 2, 2, 0, 'R');

--
-- Indexes for dumped tables
--

--
-- Indexes for table `cars`
--
ALTER TABLE `cars`
  ADD PRIMARY KEY (`car_id`),
  ADD UNIQUE KEY `car_nameplate` (`car_nameplate`);

--
-- Indexes for table `clientcars`
--
ALTER TABLE `clientcars`
  ADD PRIMARY KEY (`car_id`),
  ADD KEY `client_username` (`client_username`);

--
-- Indexes for table `clients`
--
ALTER TABLE `clients`
  ADD PRIMARY KEY (`client_username`);

--
-- Indexes for table `customers`
--
ALTER TABLE `customers`
  ADD PRIMARY KEY (`customer_username`);

--
-- Indexes for table `driver`
--
ALTER TABLE `driver`
  ADD PRIMARY KEY (`driver_id`),
  ADD UNIQUE KEY `dl_number` (`dl_number`),
  ADD KEY `client_username` (`client_username`);

--
-- Indexes for table `rentedcars`
--
ALTER TABLE `rentedcars`
  ADD PRIMARY KEY (`id`),
  ADD KEY `customer_username` (`customer_username`),
  ADD KEY `car_id` (`car_id`),
  ADD KEY `driver_id` (`driver_id`);

--
-- AUTO_INCREMENT for dumped tables
--

--
-- AUTO_INCREMENT for table `cars`
--
ALTER TABLE `cars`
  MODIFY `car_id` int(20) NOT NULL AUTO_INCREMENT, AUTO_INCREMENT=18;

--
-- AUTO_INCREMENT for table `driver`
--
ALTER TABLE `driver`
  MODIFY `driver_id` int(20) NOT NULL AUTO_INCREMENT, AUTO_INCREMENT=10;

--
-- AUTO_INCREMENT for table `rentedcars`
--
ALTER TABLE `rentedcars`
  MODIFY `id` int(100) NOT NULL AUTO_INCREMENT, AUTO_INCREMENT=574681267;

--
-- Constraints for dumped tables
--

--
-- Constraints for table `clientcars`
--
ALTER TABLE `clientcars`
  ADD CONSTRAINT `clientcars_ibfk_1` FOREIGN KEY (`client_username`) REFERENCES `clients` (`client_username`),
  ADD CONSTRAINT `clientcars_ibfk_2` FOREIGN KEY (`car_id`) REFERENCES `cars` (`car_id`);

--
-- Constraints for table `driver`
--
ALTER TABLE `driver`
  ADD CONSTRAINT `driver_ibfk_1` FOREIGN KEY (`client_username`) REFERENCES `clients` (`client_username`);

--
-- Constraints for table `rentedcars`
--
ALTER TABLE `rentedcars`
  ADD CONSTRAINT `rentedcars_ibfk_1` FOREIGN KEY (`customer_username`) REFERENCES `customers` (`customer_username`),
  ADD CONSTRAINT `rentedcars_ibfk_2` FOREIGN KEY (`car_id`) REFERENCES `cars` (`car_id`),
  ADD CONSTRAINT `rentedcars_ibfk_3` FOREIGN KEY (`driver_id`) REFERENCES `driver` (`driver_id`);
COMMIT;

/*!40101 SET CHARACTER_SET_CLIENT=@OLD_CHARACTER_SET_CLIENT */;
/*!40101 SET CHARACTER_SET_RESULTS=@OLD_CHARACTER_SET_RESULTS */;
/*!40101 SET COLLATION_CONNECTION=@OLD_COLLATION_CONNECTION */;
